	group1	group2	g1_mean	g1_variance	g2_variance	g2_mean	g1/g2	enrich	pvalue
kingdom	D043183	D006262	1.322188761255412	1.0521528002607143	0.8646116225204187	1.4446015061081234	0.9152619290959335	D006262	0.0211831057032681
phylum	D043183	D006262	1.3790172704938686	0.9369416677060893	0.9504548887449841	1.4051411231650393	0.9814083779625441	D006262	1.97323905498202e-05
class	D043183	D006262	1.383928945168962	0.9267854349760888	0.9576551416464008	1.4017305715569068	0.9873002510260067	D006262	2.3414663672881603e-09
order	D043183	D006262	1.383745691735486	0.9264078183384988	0.9579127064817382	1.4018578184398096	0.9870799117670283	D006262	1.5918993071784601e-09
family	D043183	D006262	1.4656150897424822	0.896190983703084	0.9730587949634333	1.345009630092654	1.0896688447067253	D043183	0.0294427552923886
genus	D043183	D006262	1.5024730425366835	0.9247199969920161	0.9454777810486387	1.3194163327979023	1.1387406728175014	D043183	0.0081724412433567
species	D043183	D006262	1.5666635936400135	1.0468791102644261	0.8394968631888942	1.2748439207848299	1.228906196356595	D043183	0.0054880101372698
