	group1	group2	g1_mean	g1_variance	g2_variance	g2_mean	g1/g2	enrich	pvalue
kingdom	D001249	D006262	1.7076791360450998	2.418435232806381	2.1588992004526744	2.3047372837693816	0.7409430775781102	D006262	0.0023275272576482
phylum	D001249	D006262	1.8859694011818677	1.9799454504396656	2.485198819456942	2.2081306643340395	0.8541022647093514	D006262	0.531236834820945
class	D001249	D006262	1.9139824519908704	1.9400171698132938	2.51595036973977	2.1929517865829076	0.8727882043285905	D006262	0.931785621328576
order	D001249	D006262	1.9886236695793238	1.8723612085260068	2.5705091378287195	2.1525074263918067	0.9238637902926091	D006262	0.695468426703162
family	D001249	D006262	2.1143135112520253	1.8807219574271767	2.5751145014110426	2.084402357996467	1.014349990125855	D001249	0.200838066452396
genus	D001249	D006262	2.3288291536267907	2.262009929715667	2.3232291176145963	1.9681670099255602	1.1832477334913114	D001249	0.0607279782558096
species	D001249	D006262	2.5340497258967596	3.0306373797948885	1.7915610755162323	1.8569681976383035	1.3646166526274226	D001249	0.0152826887335738
