c	mean(D001249)	sd(D001249)	occ-rate(D001249)	occ-n(D001249)	mean(D006262)	sd(D006262)	occ-rate(D006262)	occ-n(D006262)	enriched	pvalue	qvalue
c__Synergistia	6.9e-05	0.00033311	0.986	72	0.0001923	0.00066152	1	177	D006262	0.00103929	0.03533578
