k	mean(D001249)	sd(D001249)	occ-rate(D001249)	occ-n(D001249)	mean(D006262)	sd(D006262)	occ-rate(D006262)	occ-n(D006262)	enriched	pvalue	qvalue
k__Bacteria	0.99756397	0.00550741	1	73	0.99540428	0.00969339	1	177	D001249	0.00212683	0.00221054
k__Archaea	0.00244657	0.00550749	1	73	0.00460624	0.00969340	1	177	D006262	0.00221054	0.00221054
