g	mean(D001249)	sd(D001249)	occ-rate(D001249)	occ-n(D001249)	mean(D006262)	sd(D006262)	occ-rate(D006262)	occ-n(D006262)	enriched	pvalue	qvalue
g__UBA2903	2.1e-07	3.1e-07	0.466	34	4.8e-07	7.7e-07	0.74	131	D006262	0.00010037	0.02264377
g__Coprococcus	0.00382818	0.00657729	1	73	0.00926508	0.0129466	1	177	D006262	9.59e-06	0.00541142
g__Erysipelatoclostridium	0.00099779	0.00165608	1	73	0.00038206	0.00096873	1	177	D001249	1.886e-05	0.0070907
g__CAG-194	0.00034543	0.00206605	1	73	0.00074112	0.0024109	1	177	D006262	6.952e-05	0.01960471
g__Clostridium_AP	0.00022277	0.00058646	1	73	9.479e-05	0.00031235	1	177	D001249	1.12e-06	0.00126823
